{"mean":{"confidence_interval":{"confidence_level":0.95,"lower_bound":119998.32778355427,"upper_bound":122392.24029101623},"point_estimate":121115.48555373921,"standard_error":612.305669435759},"median":{"confidence_interval":{"confidence_level":0.95,"lower_bound":119731.76747311828,"upper_bound":121849.26042486231},"point_estimate":120682.96175191441,"standard_error":524.9605738167842},"median_abs_dev":{"confidence_interval":{"confidence_level":0.95,"lower_bound":1825.81779444412,"upper_bound":4298.843013113952},"point_estimate":3009.1186594277387,"standard_error":639.2587828920415},"slope":{"confidence_interval":{"confidence_level":0.95,"lower_bound":119924.78205919988,"upper_bound":122560.02784120965},"point_estimate":120998.31640633513,"standard_error":679.1697655886275},"std_dev":{"confidence_interval":{"confidence_level":0.95,"lower_bound":2650.1318562360707,"upper_bound":6197.4080266782275},"point_estimate":4362.673387035578,"standard_error":994.1105111104088}}