{"mean":{"confidence_interval":{"confidence_level":0.95,"lower_bound":284718.0027934994,"upper_bound":310656.72642194503},"point_estimate":297445.3893320671,"standard_error":6611.534229432971},"median":{"confidence_interval":{"confidence_level":0.95,"lower_bound":282594.7294664795,"upper_bound":314058.5890753912},"point_estimate":299815.75282975286,"standard_error":9241.113155987454},"median_abs_dev":{"confidence_interval":{"confidence_level":0.95,"lower_bound":15944.864525247636,"upper_bound":49639.39906317015},"point_estimate":28910.992364872687,"standard_error":8228.562198629004},"slope":{"confidence_interval":{"confidence_level":0.95,"lower_bound":304281.4717512028,"upper_bound":325693.13748762006},"point_estimate":315528.8857832978,"standard_error":5470.320341638975},"std_dev":{"confidence_interval":{"confidence_level":0.95,"lower_bound":25994.64202857004,"upper_bound":46030.214842601505},"point_estimate":36688.83309305909,"standard_error":5203.031333347928}}