{"mean":{"confidence_interval":{"confidence_level":0.95,"lower_bound":83466.20781968144,"upper_bound":84852.48147016339},"point_estimate":84118.13018705092,"standard_error":354.62606633633175},"median":{"confidence_interval":{"confidence_level":0.95,"lower_bound":82967.87040133779,"upper_bound":83750.07671707624},"point_estimate":83296.37163561076,"standard_error":207.5077435295026},"median_abs_dev":{"confidence_interval":{"confidence_level":0.95,"lower_bound":759.2833811479569,"upper_bound":2082.2000808144217},"point_estimate":1087.3431537892777,"standard_error":361.70004786299506},"slope":{"confidence_interval":{"confidence_level":0.95,"lower_bound":82983.36857087836,"upper_bound":83800.8246210823},"point_estimate":83370.77701906764,"standard_error":209.20608476350662},"std_dev":{"confidence_interval":{"confidence_level":0.95,"lower_bound":1697.129401846218,"upper_bound":3193.355375470207},"point_estimate":2534.944072484089,"standard_error":382.2739898750739}}