{"mean":{"confidence_interval":{"confidence_level":0.95,"lower_bound":47048.38870774898,"upper_bound":47427.07349202244},"point_estimate":47232.33730379194,"standard_error":96.41228442960444},"median":{"confidence_interval":{"confidence_level":0.95,"lower_bound":46690.882775119615,"upper_bound":47272.612727272724},"point_estimate":46903.65976143422,"standard_error":157.57426058931736},"median_abs_dev":{"confidence_interval":{"confidence_level":0.95,"lower_bound":512.9026529396106,"upper_bound":1185.7724708704832},"point_estimate":777.9556949585835,"standard_error":170.67167231906757},"slope":{"confidence_interval":{"confidence_level":0.95,"lower_bound":47271.60976559163,"upper_bound":47747.596494526944},"point_estimate":47503.94643591225,"standard_error":121.38540538291959},"std_dev":{"confidence_interval":{"confidence_level":0.95,"lower_bound":800.5408614243412,"upper_bound":1111.2471233059437},"point_estimate":965.2810292967979,"standard_error":79.23299069917714}}