{"mean":{"confidence_interval":{"confidence_level":0.95,"lower_bound":2484164.2399029476,"upper_bound":2757049.940643447},"point_estimate":2605974.0367345735,"standard_error":69918.19054709414},"median":{"confidence_interval":{"confidence_level":0.95,"lower_bound":2446448.611111111,"upper_bound":2601478.5714285714},"point_estimate":2525247.9479847495,"standard_error":46897.60113529977},"median_abs_dev":{"confidence_interval":{"confidence_level":0.95,"lower_bound":119676.852224072,"upper_bound":345515.892133417},"point_estimate":216893.50870406008,"standard_error":56011.63470002867},"slope":{"confidence_interval":{"confidence_level":0.95,"lower_bound":2472562.9591301386,"upper_bound":2624534.375994614},"point_estimate":2552133.795505024,"standard_error":38872.904465649466},"std_dev":{"confidence_interval":{"confidence_level":0.95,"lower_bound":177516.89224868262,"upper_bound":560685.8802968084},"point_estimate":389675.9077550999,"standard_error":104367.49263626659}}