{"mean":{"confidence_interval":{"confidence_level":0.95,"lower_bound":875.1130168056138,"upper_bound":883.4018157809494},"point_estimate":879.1012691402095,"standard_error":2.1216219102128098},"median":{"confidence_interval":{"confidence_level":0.95,"lower_bound":867.096256684492,"upper_bound":877.1493171729882},"point_estimate":870.2534041394335,"standard_error":2.937322878394038},"median_abs_dev":{"confidence_interval":{"confidence_level":0.95,"lower_bound":9.898063193258212,"upper_bound":22.470978286968062},"point_estimate":14.949830257381091,"standard_error":3.274071065867605},"slope":{"confidence_interval":{"confidence_level":0.95,"lower_bound":870.969859477703,"upper_bound":877.2902360800912},"point_estimate":873.8686268951742,"standard_error":1.6136349924086346},"std_dev":{"confidence_interval":{"confidence_level":0.95,"lower_bound":16.566510915787138,"upper_bound":26.007295827683986},"point_estimate":21.37265921896534,"standard_error":2.4367951191686252}}